{
  "src\\instrumentation.ts": 1776088972.8971715,
  "src\\middleware.ts": 1776204069.9943376,
  "src\\app\\error.tsx": 1776086816.2569463,
  "src\\app\\global-error.tsx": 1776086814.7151055,
  "src\\app\\layout.tsx": 1776185488.4156473,
  "src\\app\\not-found.tsx": 1775763572.7259932,
  "src\\app\\sitemap.ts": 1776372203.268917,
  "src\\app\\(public)\\error.tsx": 1776086818.7202916,
  "src\\app\\(public)\\layout.tsx": 1774705360.699692,
  "src\\app\\(public)\\page.tsx": 1776186158.6087651,
  "src\\app\\(public)\\o\\[slug]\\page.tsx": 1776372185.798921,
  "src\\app\\(public)\\privacy\\page.tsx": 1776185609.6480343,
  "src\\app\\(public)\\terms\\page.tsx": 1776185625.0893447,
  "src\\app\\(public)\\[slug]\\page.tsx": 1776372176.6107483,
  "src\\app\\(public)\\[slug]\\print\\page.tsx": 1774705464.1796916,
  "src\\app\\admin\\actions.ts": 1774649983.88757,
  "src\\app\\admin\\error.tsx": 1776086820.036895,
  "src\\app\\admin\\layout.tsx": 1776369367.837365,
  "src\\app\\admin\\loading.tsx": 1776185562.1171784,
  "src\\app\\admin\\page.tsx": 1776263629.936393,
  "src\\app\\admin\\events\\actions.ts": 1776442764.5649648,
  "src\\app\\admin\\events\\new\\page.tsx": 1776370446.9206343,
  "src\\app\\admin\\events\\[id]\\loading.tsx": 1776185565.9009235,
  "src\\app\\admin\\events\\[id]\\page.tsx": 1776442740.688085,
  "src\\app\\admin\\events\\[id]\\preview\\page.tsx": 1774645340.3540022,
  "src\\app\\admin\\orgs\\actions.ts": 1776442663.3462708,
  "src\\app\\admin\\orgs\\new\\page.tsx": 1776370595.2684312,
  "src\\app\\admin\\orgs\\settings\\OrgNameForm.tsx": 1776370605.4688513,
  "src\\app\\admin\\orgs\\settings\\page.tsx": 1776372221.66853,
  "src\\app\\admin\\orgs\\settings\\PublicOrgUrlField.tsx": 1776372215.4660122,
  "src\\app\\admin\\templates\\actions.ts": 1776442536.6597896,
  "src\\app\\admin\\templates\\page.tsx": 1776263168.9513373,
  "src\\app\\admin\\templates\\TemplateActions.tsx": 1776253962.333597,
  "src\\app\\api\\auth\\dev-session\\route.ts": 1776417456.91843,
  "src\\app\\api\\webhooks\\stripe\\route.ts": 1774645367.5700858,
  "src\\app\\auth\\callback\\route.ts": 1776202904.3285224,
  "src\\app\\auth\\login\\actions.ts": 1775761351.2106009,
  "src\\app\\auth\\login\\page.tsx": 1775768102.8008597,
  "src\\app\\my\\error.tsx": 1776086822.262046,
  "src\\app\\my\\layout.tsx": 1776171322.6353364,
  "src\\app\\my\\loading.tsx": 1776185572.2301927,
  "src\\app\\my\\page.tsx": 1776186162.4487066,
  "src\\app\\my\\alerts\\page.tsx": 1776185547.9273818,
  "src\\app\\my\\drivers\\page.tsx": 1776185543.7125952,
  "src\\app\\my\\upload\\page.tsx": 1776185551.6329832,
  "src\\app\\my\\[timetableId]\\page.tsx": 1776171382.9868643,
  "src\\app\\notifications\\unsubscribe\\actions.ts": 1776174674.083369,
  "src\\components\\admin\\AuditLogView.tsx": 1776439883.355607,
  "src\\components\\admin\\BrandingForm.tsx": 1776370629.1688628,
  "src\\components\\admin\\DayTab.tsx": 1775824634.6655383,
  "src\\components\\admin\\EntryRow.tsx": 1776370573.4749372,
  "src\\components\\admin\\EventActionsBar.tsx": 1776186213.3938482,
  "src\\components\\admin\\EventEditor.tsx": 1776419411.2416565,
  "src\\components\\admin\\MemberManager.tsx": 1776370643.6311262,
  "src\\components\\admin\\NotificationLogView.tsx": 1776437122.6950355,
  "src\\components\\admin\\OrgSelector.tsx": 1775757482.3622255,
  "src\\components\\admin\\TemplatePicker.tsx": 1775768413.7563078,
  "src\\components\\admin\\TimetableBuilder.tsx": 1776370532.9790895,
  "src\\components\\admin\\VersionHistory.tsx": 1776262752.6659434,
  "src\\components\\public\\PrintButton.tsx": 1774705382.8620284,
  "src\\components\\public\\PublicOrgView.tsx": 1776372120.7916079,
  "src\\components\\public\\TimetableDay.tsx": 1774705378.3323557,
  "src\\components\\ui\\CharCounter.tsx": 1776370420.3879826,
  "src\\components\\ui\\ConfirmDialog.tsx": 1775808663.5894573,
  "src\\components\\ui\\ReviewModal.tsx": 1776413690.09935,
  "src\\components\\ui\\StatusBadge.tsx": 1774653712.074649,
  "src\\lib\\audit.test.ts": 1776361253.880519,
  "src\\lib\\audit.ts": 1776442476.277511,
  "src\\lib\\debug.ts": 1776086857.2295485,
  "src\\lib\\env.test.ts": 1776090869.2779047,
  "src\\lib\\env.ts": 1776091695.9814363,
  "src\\lib\\styles.ts": 1775772913.4964314,
  "src\\lib\\constants\\field-limits.ts": 1776370414.9910219,
  "src\\lib\\constants\\reserved-slugs.ts": 1776372073.2086189,
  "src\\lib\\resend\\client.test.ts": 1776090583.9547966,
  "src\\lib\\resend\\client.ts": 1775679311.1835709,
  "src\\lib\\resend\\notifications.ts": 1776203040.0828896,
  "src\\lib\\resend\\templates.test.ts": 1776368693.2596948,
  "src\\lib\\resend\\templates.ts": 1776174606.1976314,
  "src\\lib\\supabase\\admin.ts": 1775757442.7772207,
  "src\\lib\\supabase\\client.ts": 1774646786.6334336,
  "src\\lib\\supabase\\middleware.ts": 1774646780.5358405,
  "src\\lib\\supabase\\server.ts": 1774646793.666337,
  "src\\lib\\types\\database.ts": 1776442457.2573004,
  "src\\lib\\utils\\active-org.ts": 1776361174.5037234,
  "src\\lib\\utils\\app-url.test.ts": 1776090560.7594202,
  "src\\lib\\utils\\app-url.ts": 1775745149.5666811,
  "src\\lib\\utils\\branding.ts": 1776171287.845363,
  "src\\lib\\utils\\public-org.ts": 1776372134.5062273,
  "src\\lib\\utils\\slug.test.ts": 1776202954.8379862,
  "src\\lib\\utils\\slug.ts": 1776202940.7167172,
  "src\\lib\\utils\\time.test.ts": 1776090575.653807,
  "src\\lib\\utils\\time.ts": 1774705353.1382947
}